order_date,Apparel,Golf,Footwear,Outdoors,Fitness,Fan Shop
2015-01-04,383,383,184,123,29,409
2015-01-11,676,625,293,181,28,730
2015-01-18,700,770,288,188,61,773
2015-01-25,675,666,334,181,69,806
2015-02-01,670,741,293,211,38,729
2015-02-08,657,664,259,167,49,756
2015-02-15,654,675,272,172,58,710
2015-02-22,653,781,329,178,29,736
2015-03-01,714,762,270,201,27,739
2015-03-08,711,744,293,250,42,761
2015-03-15,687,676,357,162,21,718
2015-03-22,591,694,318,223,56,753
2015-03-29,597,767,264,213,40,769
2015-04-05,754,719,268,175,65,786
2015-04-12,623,808,305,170,41,731
2015-04-19,732,734,302,187,37,770
2015-04-26,613,590,334,177,28,750
2015-05-03,652,749,317,182,33,698
2015-05-10,598,672,375,215,53,707
2015-05-17,687,673,341,215,50,731
2015-05-24,655,697,358,211,54,704
2015-05-31,652,742,346,255,38,728
2015-06-07,660,633,374,224,42,716
2015-06-14,593,645,344,148,34,704
2015-06-21,712,685,334,181,21,777
2015-06-28,664,682,303,180,38,667
2015-07-05,685,730,341,162,52,828
2015-07-12,625,714,283,209,71,744
2015-07-19,736,776,314,184,36,709
2015-07-26,612,729,254,176,46,753
2015-08-02,642,702,298,195,38,722
2015-08-09,699,642,292,196,61,709
2015-08-16,723,742,300,184,44,657
2015-08-23,630,717,335,165,33,647
2015-08-30,744,697,280,205,56,706
2015-09-06,679,649,338,209,44,778
2015-09-13,724,618,314,171,54,705
2015-09-20,571,777,263,148,42,838
2015-09-27,742,773,316,229,46,690
2015-10-04,661,670,347,149,24,754
2015-10-11,695,763,279,169,35,729
2015-10-18,577,739,338,227,64,692
2015-10-25,619,669,317,179,15,754
2015-11-01,646,646,374,204,47,747
2015-11-08,692,688,288,228,42,791
2015-11-15,667,742,265,193,35,766
2015-11-22,666,684,333,233,42,757
2015-11-29,661,614,329,216,28,751
2015-12-06,656,688,311,224,47,692
2015-12-13,652,600,345,172,79,717
2015-12-20,615,658,292,234,50,788
2015-12-27,756,774,320,186,40,780
2016-01-03,612,749,324,172,35,755
2016-01-10,628,730,292,170,33,682
2016-01-17,594,651,338,156,31,781
2016-01-24,753,695,296,185,47,709
2016-01-31,633,722,307,189,43,797
2016-02-07,670,611,269,168,14,772
2016-02-14,602,726,260,197,49,756
2016-02-21,693,659,300,176,43,796
2016-02-28,615,654,286,215,49,732
2016-03-06,718,762,330,187,22,703
2016-03-13,674,604,230,162,62,717
2016-03-20,679,639,342,166,34,693
2016-03-27,669,690,273,154,40,701
2016-04-03,687,743,303,205,65,686
2016-04-10,705,619,336,195,42,678
2016-04-17,712,734,240,191,65,769
2016-04-24,712,726,319,194,49,773
2016-05-01,634,652,258,187,34,639
2016-05-08,678,636,267,218,29,702
2016-05-15,695,700,275,205,55,774
2016-05-22,690,713,291,207,12,731
2016-05-29,711,640,260,150,50,713
2016-06-05,689,726,261,161,60,740
2016-06-12,678,698,277,133,56,689
2016-06-19,640,635,311,220,27,661
2016-06-26,685,774,279,213,48,688
2016-07-03,649,651,313,194,46,762
2016-07-10,676,622,349,214,54,717
2016-07-17,716,716,273,187,63,760
2016-07-24,628,691,279,181,62,755
2016-07-31,638,721,284,160,48,710
2016-08-07,634,770,326,143,53,730
2016-08-14,695,786,300,171,34,606
2016-08-21,693,734,282,189,19,768
2016-08-28,722,668,274,228,27,654
2016-09-04,670,670,357,182,51,698
2016-09-11,725,666,287,198,56,655
2016-09-18,669,746,303,205,45,858
2016-09-25,675,747,285,168,35,688
2016-10-02,667,672,329,230,24,770
2016-10-09,601,634,251,229,52,728
2016-10-16,691,702,276,234,43,856
2016-10-23,665,777,263,183,25,780
2016-10-30,754,680,321,185,21,769
2016-11-06,665,683,288,181,33,767
2016-11-13,681,629,354,170,52,728
2016-11-20,673,613,335,227,67,758
2016-11-27,646,710,342,205,33,804
2016-12-04,734,739,307,160,66,688
2016-12-11,727,698,313,201,39,738
2016-12-18,710,622,337,199,49,708
2016-12-25,638,733,343,179,47,723
2017-01-01,653,639,249,250,33,778
2017-01-08,667,627,348,160,44,693
2017-01-15,647,751,295,198,29,716
2017-01-22,726,747,343,166,51,695
2017-01-29,639,694,301,192,44,768
2017-02-05,655,727,341,203,57,812
2017-02-12,616,696,299,204,61,794
2017-02-19,682,668,317,194,35,774
2017-02-26,756,767,395,157,56,775
2017-03-05,657,785,293,193,67,659
2017-03-12,690,739,263,197,54,758
2017-03-19,732,663,311,185,27,754
2017-03-26,617,697,313,156,49,678
