Department,Service Level,Safety Stock
Apparel,0.9,207.2343057774531
Apparel,0.95,265.9823519016654
Apparel,0.98,332.1030859613697
Apparel,0.99,376.18391614920125
Fan Shop,0.9,228.8136605211969
Fan Shop,0.95,293.6791538656471
Fan Shop,0.98,366.6850547940231
Fan Shop,0.99,415.35603171674643
Fitness,0.9,19.89730027059065
Fitness,0.95,25.537908420185644
Fitness,0.98,31.88639447205894
Fitness,0.99,36.11875122946811
Footwear,0.9,98.85561930608054
Footwear,0.95,126.87981376000408
Footwear,0.98,158.4209530994728
Footwear,0.99,179.4485419023802
Golf,0.9,217.25748056790994
Golf,0.95,278.8469574711225
Golf,0.98,348.16571259335024
Golf,0.99,394.3785733068399
Outdoors,0.9,63.329719699852504
Outdoors,0.95,81.28281525515973
Outdoors,0.98,101.48896567335534
Outdoors,0.99,114.95983677000703
